id,email,name,website,amenity,building,shop,tourism,information,addr:full,tags_search,additional_information,geometry,sentence,gml_id,interpreted_type,labels,short_reason
23654979,,"Jugendhotel ""Drei Bären""",,,,,hostel,,"Auf der Rose, 11, Clausthal-Zellerfeld, 38707",addr suburb altenau schulenberg im oberharz check date 2024 10 26 contact website http www 3baeren de wheelchair limited,,POINT (10.447078704833984 51.79586410522461),"Jugendhotel ""Drei Bären"". Tourism: hostel. Address: Auf der Rose, 11, Clausthal-Zellerfeld, 38707. Additional tags: addr suburb altenau schulenberg im oberharz check date 2024 10 26 contact website http www 3baeren de wheelchair limited.",23654979,youth hostel (Jugendhotel Drei Bären),['leisure'],"Tourism=hostel tag and the term Jugendhotel indicate temporary accommodation for guests, classifying"
23657656,goslar@jugendherberge.de,DJH Jugendherberge Goslar,https://goslar.jugendherberge.de/,,,,hostel,,"Rammelsberger Straße, 25, Goslar, 38644",beds 163 business conference rooms capacity beds 163 wheelchair yes wheelchair description rollstuhlgerechte zimmer,,POINT (10.419105529785156 51.89897155761719),"DJH Jugendherberge Goslar. Website: https://goslar.jugendherberge.de/; Email: goslar@jugendherberge.de. Tourism: hostel. Address: Rammelsberger Straße, 25, Goslar, 38644. Additional tags: beds 163 business conference rooms capacity beds 163 wheelchair yes wheelchair description rollstuhlgerechte zimmer.",23657656,Youth hostel (hostel),['leisure'],OSM tag tourism=hostel and description as Jugendherberge (youth hostel) indicates an overnight accom
23657903,hankensbuettel@jugendherberge.de,DJH Jugendherberge Hankensbüttel,https://www.jugendherberge.de/299,,,,hostel,,"Helmrichsweg, 24, Hankensbüttel, 29386",beds 156 business conference rooms capacity beds 156 fax 49 5832 6596 wheelchair yes,guest_house: hostel,POINT (10.608451843261719 52.72488021850586),"DJH Jugendherberge Hankensbüttel. Website: https://www.jugendherberge.de/299; Email: hankensbuettel@jugendherberge.de. Tourism: hostel. Address: Helmrichsweg, 24, Hankensbüttel, 29386. Additional tags: beds 156 business conference rooms capacity beds 156 fax 49 5832 6596 wheelchair yes.",23657903,youth hostel (Jugendherberge),['leisure'],"The place is a hostel (tourism=hostel) providing short-term accommodation and conference facilities,"
29683760,,,,,,,information,guidepost,,,,POINT (10.57783317565918 51.782100677490234),Tourism: information; Information: guidepost.,29683760,Tourist information guidepost,[],"The OSM tags tourism=information and information=guidepost describe an outdoor signpost, not an ente"
29683806,,,,,,,information,guidepost,,ele 837 hiking yes,,POINT (10.572676658630371 51.7765007019043),Tourism: information; Information: guidepost. Additional tags: ele 837 hiking yes.,29683806,Tourist guidepost,[],"This is an outdoor tourist information guidepost (hiking sign), not a building or enclosed facility "
29683809,,Nationalpark Harz,,,,,information,guidepost,,ele 831 hiking yes,,POINT (10.5658597946167 51.77751541137695),Nationalpark Harz. Tourism: information; Information: guidepost. Additional tags: ele 831 hiking yes.,29683809,information guidepost,[],"Tags tourism=information and information=guidepost indicate an outdoor information sign/guidepost, n"
29683811,,Nationalpark Harz,,,,,information,guidepost,,ele 861 hiking yes horse yes mtb yes,,POINT (10.559613227844238 51.778221130371094),Nationalpark Harz. Tourism: information; Information: guidepost. Additional tags: ele 861 hiking yes horse yes mtb yes.,29683811,Nationalpark Harz information guidepost,[],"This is an outdoor tourism information guidepost (tourism=information, information=guidepost), not a"
29963342,,Deutsche Bank,,atm,,,,,,brand deutsche bank brand wikidata q66048 brand wikipedia en deutsche bank cash in no check date 2024 02 29 operator wikidata q66048 operator wikipedia en deutsche bank surveillance indoor wheelchair no wheelchair description mehrere treppenstufen am eingang,,POINT (10.335306167602539 51.80649948120117),Deutsche Bank. Amenity: atm. Additional tags: brand deutsche bank brand wikidata q66048 brand wikipedia en deutsche bank cash in no check date 2024 02 29 operator wikidata q66048 operator wikipedia en deutsche bank surveillance indoor wheelchair no wheelchair description mehrere treppenstufen am eingang.,29963342,Bank ATM kiosk,[],"amenity=atm indicates an ATM, not an enterable building destination; it’s infrastructure, so no buil"
30133055,,Erichshütte,,shelter,,,,,,bench yes bin no shelter type weather shelter,,POINT (10.305278778076172 51.82481002807617),Erichshütte. Amenity: shelter. Additional tags: bench yes bin no shelter type weather shelter.,30133055,weather shelter,[],"Amenity=shelter with shelter type=weather shelter and bench indicates an outdoor structure, not an e"
30133057,,Schöne Aussicht,,,,,viewpoint,,,,,POINT (10.259627342224121 51.81901931762695),Schöne Aussicht. Tourism: viewpoint.,30133057,Tourist viewpoint,[],"Tag tourism=viewpoint indicates an outdoor viewpoint, not an enterable building. No visitor purpose "
30227522,,"Clausthal-Zellerfeld, ZOB",,bus_station,,,,,,bus yes public transport station wheelchair yes,,POINT (10.336710929870605 51.813533782958984),"Clausthal-Zellerfeld, ZOB. Amenity: bus_station. Additional tags: bus yes public transport station wheelchair yes.",30227522,Central bus station,[],"amenity=bus_station indicates a transport infrastructure facility (ZOB) for boarding buses, not a bu"
30264413,,Deutsche Post AG,,post_box,,,,,,brand deutsche post check date collection times 2025 11 26 collection times mo fr 16 30 sa 10 30,,POINT (10.515804290771484 52.311397552490234),Deutsche Post AG. Amenity: post_box. Additional tags: brand deutsche post check date collection times 2025 11 26 collection times mo fr 16 30 sa 10 30.,30264413,Post box,[],"amenity=post_box indicates a standalone mailbox, an outdoor postal infrastructure that is not a buil"
30324156,,,,recycling,,,,,,recycling clothes yes recycling glass bottles yes recycling paper yes recycling type container,,POINT (10.518630981445312 52.30530548095703),Amenity: recycling. Additional tags: recycling clothes yes recycling glass bottles yes recycling paper yes recycling type container.,30324156,Recycling container station,[],"amenity=recycling with type=container indicates an outdoor recycling drop-off point, not an enterabl"
30324157,,ALBA Braunschweig GmbH,,recycling,,,,,,recycling cans no recycling clothes yes recycling glass bottles yes recycling paper yes recycling type container,,POINT (10.517176628112793 52.30949783325195),ALBA Braunschweig GmbH. Amenity: recycling. Additional tags: recycling cans no recycling clothes yes recycling glass bottles yes recycling paper yes recycling type container.,30324157,Recycling container,[],"Amenity=recycling with type=container indicates an outdoor recycling drop‐off point, not an enterabl"
30345006,,Königreichssaal,,place_of_worship,,,,,,check date 2025 10 18 denomination jehovahs witness note noch mall prüffen,religion: christian,POINT (10.080595016479492 52.822818756103516),Königreichssaal. Amenity: place_of_worship. Additional tags: check date 2025 10 18 denomination jehovahs witness note noch mall prüffen.,30345006,Kingdom Hall of Jehovah's Witnesses (place of worship),[],"Amenity=place_of_worship indicates a religious building. It’s not used primarily for work, education"
30530275,,,,,,,information,guidepost,,,,POINT (10.262968063354492 51.728858947753906),Tourism: information; Information: guidepost.,30530275,guidepost (tourist information sign),[],"OSM tags tourism=information and information=guidepost indicate an outdoor information sign, not an "
30830728,,Raiffeisen,,fuel,yes,,,,"Celler Straße, 51a, Südheide, 29320",addr suburb hermannsburg compressed air yes self service yes vending machine fuel,,POINT (10.08012580871582 52.8238525390625),"Raiffeisen. Amenity: fuel; Building: yes. Address: Celler Straße, 51a, Südheide, 29320. Additional tags: addr suburb hermannsburg compressed air yes self service yes vending machine fuel.",30830728,gas station,['errands_essential'],"amenity=fuel and building=yes indicates a fuel station building where people enter to refuel, classi"
30830729,,Star,https://www.star.de/service/tankstellenfinder/detail/star-celler-strasse-30-hermannsburg-491,fuel,,,,,"Celler Straße, 30, Südheide, 29320",addr suburb hermannsburg brand star brand wikidata q89432390 compressed air yes fuel diesel yes fuel e10 yes fuel octane 95 yes fuel octane 98 yes,,POINT (10.084239959716797 52.82701873779297),"Star. Website: https://www.star.de/service/tankstellenfinder/detail/star-celler-strasse-30-hermannsburg-491. Amenity: fuel. Address: Celler Straße, 30, Südheide, 29320. Additional tags: addr suburb hermannsburg brand star brand wikidata q89432390 compressed air yes fuel diesel yes fuel e10 yes fuel octane 95 yes fuel octane 98 yes.",30830729,Fuel station (petrol station),['errands_essential'],amenity=fuel indicates a petrol station building for refueling. Fuel station buildings are classifie
30830730,,Veola,,recycling,,,,,,recycling type centre,,POINT (10.080572128295898 52.82093048095703),Veola. Amenity: recycling. Additional tags: recycling type centre.,30830730,Recycling centre,['errands_essential'],amenity=recycling indicates a drop-off facility for recyclables where people go to perform an essent
30996553,,,,recycling,,,,,,recycling type container,,POINT (10.359270095825195 51.80978775024414),Amenity: recycling. Additional tags: recycling type container.,30996553,Recycling container,[],"amenity=recycling with type=container refers to an outdoor recycling drop-off container, not an ente"
31012044,,,,recycling,,,,,,recycling cardboard yes recycling glass no recycling glass bottles yes recycling paper yes recycling type container,,POINT (10.331137657165527 51.8078498840332),Amenity: recycling. Additional tags: recycling cardboard yes recycling glass no recycling glass bottles yes recycling paper yes recycling type container.,31012044,Recycling container,[],"This is an outdoor recycling container (amenity=recycling, recycling_type=container), not a building"
31012045,,,,recycling,,,,,,check date recycling 2025 10 20 recycling glass bottles yes recycling paper yes recycling type container,,POINT (10.34416675567627 51.80890655517578),Amenity: recycling. Additional tags: check date recycling 2025 10 20 recycling glass bottles yes recycling paper yes recycling type container.,31012045,recycling container,[],"This is an outdoor recycling amenity (glass and paper containers), not an enterable building or dest"
31051780,,Gästehaus Tannenhof,,,,,guest_house,,"An der Ziegelhütte, 2, Clausthal-Zellerfeld, 38678",addr suburb buntenbock internet access fee customers,guest_house: bed_and_breakfast,POINT (10.321295738220215 51.77360534667969),"Gästehaus Tannenhof. Tourism: guest_house. Address: An der Ziegelhütte, 2, Clausthal-Zellerfeld, 38678. Additional tags: addr suburb buntenbock internet access fee customers.",31051780,Guest house,['leisure'],"The place is tagged tourism=guest_house, indicating a temporary accommodation building for travelers"
31218986,,Deutsche Post,,post_box,,,,,,check date 2025 12 14 collection times mo sa 09 15 operator wikidata q157645,,POINT (10.102204322814941 52.831634521484375),Deutsche Post. Amenity: post_box. Additional tags: check date 2025 12 14 collection times mo sa 09 15 operator wikidata q157645.,31218986,Post box,[],"amenity=post_box indicates a mail drop-off box, a non-building infrastructure with no visitor entry "
31218987,,,,recycling,,,,,,check date recycling 2025 10 31 recycling glass bottles yes recycling type container,,POINT (10.102106094360352 52.83153533935547),Amenity: recycling. Additional tags: check date recycling 2025 10 31 recycling glass bottles yes recycling type container.,31218987,glass recycling container,[],"Amenity=recycling with type=container indicates an outdoor recycling bin for glass bottles, not an e"
32600612,,,,,,,viewpoint,,,,,POINT (10.288508415222168 51.82584762573242),Tourism: viewpoint.,32600612,viewpoint,[],"Tagged as tourism=viewpoint, which denotes an outdoor attraction without an enterable building. No b"
32600613,,,,,,,viewpoint,,,,,POINT (10.287969589233398 51.82752990722656),Tourism: viewpoint.,32600613,viewpoint,[],"tourism=viewpoint is an outdoor attraction without an enterable building, so no building-related vis"
33148896,,,,parking,,,,,,,,POINT (10.212175369262695 51.828529357910156),Amenity: parking.,33148896,parking lot,[],"amenity=parking denotes an outdoor parking facility, which is infrastructure rather than a building "
33226705,,ALBA Braunschweig GmbH,,recycling,,,,,,operator wikidata q130259357 recycling clothes yes recycling glass bottles yes recycling paper yes recycling small appliances yes recycling small electrical appliances yes recycling type container,,POINT (10.540098190307617 52.29637145996094),ALBA Braunschweig GmbH. Amenity: recycling. Additional tags: operator wikidata q130259357 recycling clothes yes recycling glass bottles yes recycling paper yes recycling small appliances yes recycling small electrical appliances yes recycling type container.,33226705,Recycling container site,[],"This is an outdoor recycling container facility (amenity=recycling, recycling_type=container) rather"
33226706,,ALBA Braunschweig GmbH,,recycling,,,,,,check date 2021 07 03 check date recycling 2023 11 23 operator wikidata q130259357 recycling cans no recycling clothes yes recycling glass bottles yes recycling paper yes recycling type container,,POINT (10.541729927062988 52.30038070678711),ALBA Braunschweig GmbH. Amenity: recycling. Additional tags: check date 2021 07 03 check date recycling 2023 11 23 operator wikidata q130259357 recycling cans no recycling clothes yes recycling glass bottles yes recycling paper yes recycling type container.,33226706,Recycling container site,[],"amenity=recycling with type=container indicates outdoor recycling bins, not a building or enterable "
33226710,,Deutsche Post,,post_box,,,,,,brand deutsche post check date 2026 01 12 collection times mo fr 16 45 sa 11 30 operator wikidata q157645,,POINT (10.539860725402832 52.29594421386719),Deutsche Post. Amenity: post_box. Additional tags: brand deutsche post check date 2026 01 12 collection times mo fr 16 45 sa 11 30 operator wikidata q157645.,33226710,Deutsche Post mailbox (post box),[],"amenity=post_box indicates an outdoor mail collection box, not an enterable building or visitor dest"
33777120,,,,recycling,,,,,,check date recycling 2024 09 08 recycling glass bottles yes recycling paper yes recycling type container,,POINT (10.338423728942871 51.813961029052734),Amenity: recycling. Additional tags: check date recycling 2024 09 08 recycling glass bottles yes recycling paper yes recycling type container.,33777120,Recycling container station,[],amenity=recycling indicates an outdoor recycling container/site. It’s not a building or indoor desti
33779867,,Ristorante Lucania,https://www.ristorante-lucania.de,restaurant,,,,,"Mönchstalweg, 30, Clausthal-Zellerfeld, 38678",cuisine pizza website menu https www ristorante lucania de speisekarte wheelchair yes,,POINT (10.358920097351074 51.81008529663086),"Ristorante Lucania. Website: https://www.ristorante-lucania.de. Amenity: restaurant. Address: Mönchstalweg, 30, Clausthal-Zellerfeld, 38678. Additional tags: cuisine pizza website menu https www ristorante lucania de speisekarte wheelchair yes.",33779867,Italian restaurant (pizzeria),['leisure'],The amenity=restaurant tag and the name ‘Ristorante Lucania’ indicate a dining establishment where v
35665276,,Star Tankstelle,,fuel,,,,,"Braunschweig, 38114",brand star brand wikidata q89432390 check date 2024 07 05 compressed air yes fuel diesel yes fuel lpg yes fuel octane 95 yes fuel octane 98 yes wheelchair limited,,POINT (10.51176929473877 52.2736701965332),"Star Tankstelle. Amenity: fuel. Address: Braunschweig, 38114. Additional tags: brand star brand wikidata q89432390 check date 2024 07 05 compressed air yes fuel diesel yes fuel lpg yes fuel octane 95 yes fuel octane 98 yes wheelchair limited.",35665276,Gas station (Tankstelle),['errands_essential'],"amenity=fuel with multiple fuel types (diesel, lpg, octane 95/98) indicates a petrol station used fo"
36246797,,Deutsche Post,,post_box,,,,,,brand deutsche post collection times mo fr 15 45 sa 11 30 operator wikidata q157645,,POINT (10.539987564086914 52.24333953857422),Deutsche Post. Amenity: post_box. Additional tags: brand deutsche post collection times mo fr 15 45 sa 11 30 operator wikidata q157645.,36246797,postal drop box,[],"amenity=post_box indicates a standalone public mailbox drop box, not an enterable building or destin"
36302109,,,,recycling,,,,,,recycling clothes yes recycling electrical items yes recycling glass bottles yes recycling paper yes recycling shoes yes recycling small electrical appliances yes recycling type container,,POINT (10.536674499511719 52.230186462402344),Amenity: recycling. Additional tags: recycling clothes yes recycling electrical items yes recycling glass bottles yes recycling paper yes recycling shoes yes recycling small electrical appliances yes recycling type container.,36302109,Recycling container,[],"This is a recycling container (amenity=recycling, type=container) for depositing items outdoors, not"
50880988,,B&B HOTEL Braunschweig-West,https://www.hotel-bb.com/de/hotel/braunschweig-west,,,,hotel,,,brand b b brand wikidata q1458135 check date 2025 05 30 internet access fee customers old name etap hotel payment cash yes payment credit cards yes payment debit cards yes wheelchair yes,,POINT (10.49427318572998 52.27705383300781),B&B HOTEL Braunschweig-West. Website: https://www.hotel-bb.com/de/hotel/braunschweig-west. Tourism: hotel. Additional tags: brand b b brand wikidata q1458135 check date 2025 05 30 internet access fee customers old name etap hotel payment cash yes payment credit cards yes payment debit cards yes wheelchair yes.,50880988,Hotel,['leisure'],"Tagged tourism=hotel and described as B&B HOTEL, a building for temporary accommodation (leisure)."
56456298,,ALBA Braunschweig GmbH,,recycling,,,,,,operator wikidata q130259357 recycling cans no recycling clothes yes recycling glass no recycling glass bottles yes recycling magazines yes recycling mobile phones yes recycling newspaper yes recycling paper yes recycling paper packaging yes recycling plastic no recycling plastic bottles no recycling plastic packaging no recycling shoes yes recycling small electrical appliances yes recycling type container,,POINT (10.52248477935791 52.26850128173828),ALBA Braunschweig GmbH. Amenity: recycling. Additional tags: operator wikidata q130259357 recycling cans no recycling clothes yes recycling glass no recycling glass bottles yes recycling magazines yes recycling mobile phones yes recycling newspaper yes recycling paper yes recycling paper packaging yes recycling plastic no recycling plastic bottles no recycling plastic packaging no recycling shoes yes recycling small electrical appliances yes recycling type container.,56456298,Recycling container site,[],"amenity=recycling with type=container indicates an outdoor recycling drop-off facility, not a buildi"
56456300,,Deutsche Post,,post_box,,,,,,brand deutsche post check date 2024 04 14 collection times mo fr 16 30 sa 11 30 operator wikidata q157645,,POINT (10.523130416870117 52.26978302001953),Deutsche Post. Amenity: post_box. Additional tags: brand deutsche post check date 2024 04 14 collection times mo fr 16 30 sa 11 30 operator wikidata q157645.,56456300,public mailbox (Deutsche Post post box),[],"This is an outdoor amenity=post_box (mail drop box), not an entranceable building or destination peo"
57749911,,,,parking_entrance,,,,,,access yes entrance parking fee yes maxheight 2,,POINT (10.541546821594238 52.2545166015625),Amenity: parking_entrance. Additional tags: access yes entrance parking fee yes maxheight 2.,57749911,Parking entrance,[],"amenity=parking_entrance indicates infrastructure for vehicle access, not a building-enterable desti"
59195300,,Deutsche Post,,post_box,,,,,,brand deutsche post check date 2024 04 14 collection times mo fr 15 45 sa 11 30 operator wikidata q157645,,POINT (10.51950740814209 52.26872253417969),Deutsche Post. Amenity: post_box. Additional tags: brand deutsche post check date 2024 04 14 collection times mo fr 15 45 sa 11 30 operator wikidata q157645.,59195300,Post box,[],Amenity=post_box indicates a street mailbox rather than an enterable building or destination for vis
59195312,,ALBA Braunschweig GmbH,,recycling,,,,,,check date recycling 2023 06 29 operator wikidata q130259357 recycling cans no recycling clothes yes recycling glass bottles yes recycling paper yes recycling shoes yes recycling type container,,POINT (10.520467758178711 52.26902389526367),ALBA Braunschweig GmbH. Amenity: recycling. Additional tags: check date recycling 2023 06 29 operator wikidata q130259357 recycling cans no recycling clothes yes recycling glass bottles yes recycling paper yes recycling shoes yes recycling type container.,59195312,Recycling container,[],"amenity=recycling with type=container indicates an outdoor recycling drop-off container, not an ente"
59594236,,Varanda Brasil,https://varandabrasil.de,restaurant,,,,,"Kaiserstraße, 8, Braunschweig, 38100",contact email info varandabrasil de cuisine italian pizza delivery no indoor seating yes outdoor seating yes payment credit cards yes payment debit cards yes smoking outside takeaway yes toilets wheelchair no website menu https varandabrasil de a la carte wheelchair limited,,POINT (10.52009105682373 52.26900863647461),"Varanda Brasil. Website: https://varandabrasil.de. Amenity: restaurant. Address: Kaiserstraße, 8, Braunschweig, 38100. Additional tags: contact email info varandabrasil de cuisine italian pizza delivery no indoor seating yes outdoor seating yes payment credit cards yes payment debit cards yes smoking outside takeaway yes toilets wheelchair no website menu https varandabrasil de a la carte wheelchair limited.",59594236,Brazilian restaurant,['leisure'],OSM tag amenity=restaurant indicates a place people visit for dining (a leisure activity).
59594237,,VIWO,https://viwobar.de/,bar,,,,,"Wollmarkt, 14, Braunschweig, 38100",check date opening hours 2025 04 21 contact email kontakt viwobar de contact phone 49 531 27088250 indoor seating yes outdoor seating yes toilets wheelchair no wheelchair limited,bar: yes,POINT (10.519139289855957 52.268707275390625),"VIWO. Website: https://viwobar.de/. Amenity: bar. Address: Wollmarkt, 14, Braunschweig, 38100. Additional tags: check date opening hours 2025 04 21 contact email kontakt viwobar de contact phone 49 531 27088250 indoor seating yes outdoor seating yes toilets wheelchair no wheelchair limited.",59594237,bar,['leisure'],Amenity tag ‘bar’ indicates a place for social/leisure purpose where people enter for drinks and gat
59620829,,REWE,https://www.rewe.de/,,,supermarket,,,"Wendenring, 2, Braunschweig, 38114",brand rewe brand wikidata q16968817 brand wikipedia en rewe check date 2024 05 13 level 0 self service yes wheelchair yes,organic: yes,POINT (10.521163940429688 52.274864196777344),"REWE. Website: https://www.rewe.de/. Shop: supermarket. Address: Wendenring, 2, Braunschweig, 38114. Additional tags: brand rewe brand wikidata q16968817 brand wikipedia en rewe check date 2024 05 13 level 0 self service yes wheelchair yes.",59620829,REWE supermarket,['errands_essential'],OSM tag shop=supermarket and description ‘REWE’ indicates a grocery store building where people go f
59620830,,SAZ,,restaurant,,,,,"Am Neuen Petritore, 7, Braunschweig, 38100",check date opening hours 2025 04 12 diet vegetarian yes indoor seating yes outdoor seating no wheelchair no,,POINT (10.514897346496582 52.26761245727539),"SAZ. Amenity: restaurant. Address: Am Neuen Petritore, 7, Braunschweig, 38100. Additional tags: check date opening hours 2025 04 12 diet vegetarian yes indoor seating yes outdoor seating no wheelchair no.",59620830,restaurant,['leisure'],"amenity=restaurant tag indicates a restaurant building, which people visit for dining (leisure activ"
59620836,,Volksbank,,atm,,,,,,cash in no check date 2024 01 30 indoor no note defekt karte kann nicht eingeführt werden wheelchair limited,,POINT (10.528223991394043 52.27443313598633),Volksbank. Amenity: atm. Additional tags: cash in no check date 2024 01 30 indoor no note defekt karte kann nicht eingeführt werden wheelchair limited.,59620836,Volksbank ATM,[],"amenity=atm indicates a cash machine, not a building or place people enter for a primary visitor pur"
59620840,,Edessa,,fast_food,,,,,"Wendenring, 2, Braunschweig, 38114",check date 2025 03 13 check date opening hours 2025 03 13 contact facebook https www facebook com edessa grillhaus 991232484266468 cuisine kebab payment cards no payment credit cards no payment debit cards no toilets wheelchair no wheelchair limited,,POINT (10.521166801452637 52.274906158447266),"Edessa. Amenity: fast_food. Address: Wendenring, 2, Braunschweig, 38114. Additional tags: check date 2025 03 13 check date opening hours 2025 03 13 contact facebook https www facebook com edessa grillhaus 991232484266468 cuisine kebab payment cards no payment credit cards no payment debit cards no toilets wheelchair no wheelchair limited.",59620840,fast food restaurant (grillhaus),['leisure'],"amenity=fast_food identifies this as a quick-service dining establishment (kebab grill), a building "
59620841,,Cafe Fräulein Wunder,https://www.cafe-fraeuleinwunder.de/,cafe,,,,,"Ratsbleiche, 1, Braunschweig, 38114",baby feeding no changing table yes changing table count 1 changing table fee no changing table location male toilet wheelchair toilet check date opening hours 2025 05 13 cuisine breakfast highchair 4 indoor seating yes kids area no opening hours kitchen do su 09 00 13 30 outdoor seating yes owner linda grimm takeaway yes toilets wheelchair no wheelchair yes,,POINT (10.517302513122559 52.27326583862305),"Cafe Fräulein Wunder. Website: https://www.cafe-fraeuleinwunder.de/. Amenity: cafe. Address: Ratsbleiche, 1, Braunschweig, 38114. Additional tags: baby feeding no changing table yes changing table count 1 changing table fee no changing table location male toilet wheelchair toilet check date opening hours 2025 05 13 cuisine breakfast highchair 4 indoor seating yes kids area no opening hours kitchen do su 09 00 13 30 outdoor seating yes owner linda grimm takeaway yes toilets wheelchair no wheelchair yes.",59620841,Cafe Fräulein Wunder (cafe),['leisure'],"amenity=cafe with indoor/outdoor seating, takeaway and breakfast cuisine indicates a café where peop"
59620846,,Hagenmarkt Apotheke,https://www.apotheca-bs.de/hagenmarkt-apotheke/,pharmacy,,,,,"Hagenmarkt, 19-20, Braunschweig, 38100",check date opening hours 2024 11 09 dispensing yes healthcare pharmacy toilets wheelchair no wheelchair yes wikidata q1568533,,POINT (10.524340629577637 52.2678337097168),"Hagenmarkt Apotheke. Website: https://www.apotheca-bs.de/hagenmarkt-apotheke/. Amenity: pharmacy. Address: Hagenmarkt, 19-20, Braunschweig, 38100. Additional tags: check date opening hours 2024 11 09 dispensing yes healthcare pharmacy toilets wheelchair no wheelchair yes wikidata q1568533.",59620846,pharmacy,['errands_essential'],OSM tag amenity=pharmacy indicates a pharmacy building where people go for essential healthcare good
59620848,,PENNY,,,,supermarket,,,"Hagenbrücke, 8/9, Braunschweig, 38100",brand penny brand wikidata q284688 brand wikipedia en penny supermarket check date opening hours 2024 07 31 toilets wheelchair no wheelchair yes,,POINT (10.522809028625488 52.267452239990234),"PENNY. Shop: supermarket. Address: Hagenbrücke, 8/9, Braunschweig, 38100. Additional tags: brand penny brand wikidata q284688 brand wikipedia en penny supermarket check date opening hours 2024 07 31 toilets wheelchair no wheelchair yes.",59620848,Supermarket,['errands_essential'],OSM tag shop=supermarket and description “PENNY. Shop: supermarket.” indicate a supermarket building
59620849,,,,,,vacant,,,"Braunschweig, 38100",check date 2025 01 04,,POINT (10.522624015808105 52.2670783996582),"Shop: vacant. Address: Braunschweig, 38100. Additional tags: check date 2025 01 04.",59620849,Vacant shop building,[],"The OSM tag indicates a shop that is currently vacant, with no active retail or other function; ther"
59620851,,Cycle Loft 38,,bar,,,,,"Wendenstraße, 39-41, Braunschweig, 38100",check date opening hours 2024 04 14 indoor seating yes opening hours signed no outdoor seating no,,POINT (10.523660659790039 52.270626068115234),"Cycle Loft 38. Amenity: bar. Address: Wendenstraße, 39-41, Braunschweig, 38100. Additional tags: check date opening hours 2024 04 14 indoor seating yes opening hours signed no outdoor seating no.",59620851,Bar,['leisure'],OSM tag amenity=bar indicates this is a bar with indoor seating where visitors go for leisure/social
59620852,,Smiley's,https://www.smileys.de/bestellen-in/braunschweig/,fast_food,,,,,,brand smiley s brand wikidata q60998945 cuisine pizza delivery yes diet vegan yes diet vegetarian yes indoor seating no outdoor seating no smoking no takeaway only,,POINT (10.523153305053711 52.26853561401367),Smiley's. Website: https://www.smileys.de/bestellen-in/braunschweig/. Amenity: fast_food. Additional tags: brand smiley s brand wikidata q60998945 cuisine pizza delivery yes diet vegan yes diet vegetarian yes indoor seating no outdoor seating no smoking no takeaway only.,59620852,Pizza takeaway fast-food outlet,['leisure'],amenity=fast_food with pizza cuisine and takeaway-only service indicates a fast-food restaurant wher
59620865,,Apotheke am Botanischen Garten,https://www.apotheke-bs.de/,pharmacy,,,,,"Humboldtstraße, 4, Braunschweig, 38106",check date opening hours 2025 05 15 healthcare pharmacy owner apothekerin stephanie brach e k toilets wheelchair yes wheelchair yes wheelchair description die apotheke am botanischen garten wurde kürzlich voll barrierefrei umgestaltet die inhaber überbrückten eine stufe zum eingang durch eine fest verbaute kleine rampe die völlig problemlos befahren werden kann,,POINT (10.534151077270508 52.270565032958984),"Apotheke am Botanischen Garten. Website: https://www.apotheke-bs.de/. Amenity: pharmacy. Address: Humboldtstraße, 4, Braunschweig, 38106. Additional tags: check date opening hours 2025 05 15 healthcare pharmacy owner apothekerin stephanie brach e k toilets wheelchair yes wheelchair yes wheelchair description die apotheke am botanischen garten wurde kürzlich voll barrierefrei umgestaltet die inhaber überbrückten eine stufe zum eingang durch eine fest verbaute kleine rampe die völlig problemlos befahren werden kann.",59620865,pharmacy,['errands_essential'],"The place is tagged amenity=pharmacy (Apotheke am Botanischen Garten), indicating a pharmacy buildin"
59620882,,McMurphys,,pub,,,,,"Bültenweg, 10, Braunschweig, 38106",indoor seating yes outdoor seating yes payment credit cards no payment debit cards no smoking separated toilets wheelchair no wheelchair no,,POINT (10.533286094665527 52.2730598449707),"McMurphys. Amenity: pub. Address: Bültenweg, 10, Braunschweig, 38106. Additional tags: indoor seating yes outdoor seating yes payment credit cards no payment debit cards no smoking separated toilets wheelchair no wheelchair no.",59620882,Pub,['leisure'],"amenity=pub indicates a public house/bar where people go for food and drink, clearly a leisure desti"
59620884,,Eusebia,http://www.eusebia.de,cafe,,,,,"Spielmannstraße, 11, Braunschweig, 38106",indoor seating yes outdoor seating yes smoking outside toilets wheelchair no wheelchair limited,,POINT (10.531580924987793 52.273433685302734),"Eusebia. Website: http://www.eusebia.de. Amenity: cafe. Address: Spielmannstraße, 11, Braunschweig, 38106. Additional tags: indoor seating yes outdoor seating yes smoking outside toilets wheelchair no wheelchair limited.",59620884,Cafe,['leisure'],amenity=cafe indicates a coffeehouse where visitors go for leisure; indoor and outdoor seating reinf
59648449,,,,recycling,,,,,,recycling small electrical appliances yes recycling type container,,POINT (10.545095443725586 52.30113983154297),Amenity: recycling. Additional tags: recycling small electrical appliances yes recycling type container.,59648449,small electrical appliances recycling container,[],"This is an outdoor recycling container (amenity=recycling, recycling_type=container), not a building"
59653501,,HEM,https://www.hem-tankstelle.de/partner/HEM/Braunschweig/Bueltenweg-46,fuel,,,,,"Bültenweg, 46, Braunschweig, 38106",brand hem brand wikidata q109930239 check date 2024 03 25 compressed air yes fax 49 531 332647 fuel diesel yes fuel lpg yes fuel octane 95 yes fuel octane 98 yes payment mastercard yes payment visa yes wheelchair yes,,POINT (10.537301063537598 52.282249450683594),"HEM. Website: https://www.hem-tankstelle.de/partner/HEM/Braunschweig/Bueltenweg-46. Amenity: fuel. Address: Bültenweg, 46, Braunschweig, 38106. Additional tags: brand hem brand wikidata q109930239 check date 2024 03 25 compressed air yes fax 49 531 332647 fuel diesel yes fuel lpg yes fuel octane 95 yes fuel octane 98 yes payment mastercard yes payment visa yes wheelchair yes.",59653501,Fuel station,['errands_essential'],The OSM tag amenity=fuel indicates a petrol station building. Fuel station buildings are classified 
59653502,,Aral,,fuel,,,,,"Bültenweg, 40, Braunschweig, 38106",brand aral brand wikidata q565734 check date 2025 07 13 check date opening hours 2025 07 13 compressed air yes fuel gtl diesel yes fuel diesel yes fuel octane 102 yes fuel octane 95 yes fuel octane 98 yes payment mastercard yes payment visa yes wheelchair yes,,POINT (10.536590576171875 52.280921936035156),"Aral. Amenity: fuel. Address: Bültenweg, 40, Braunschweig, 38106. Additional tags: brand aral brand wikidata q565734 check date 2025 07 13 check date opening hours 2025 07 13 compressed air yes fuel gtl diesel yes fuel diesel yes fuel octane 102 yes fuel octane 95 yes fuel octane 98 yes payment mastercard yes payment visa yes wheelchair yes.",59653502,Aral gas station,['errands_essential'],amenity=fuel indicates a fuel station building where motorists refuel – a necessary errand (included
59663364,,ALBA Braunschweig GmbH,,recycling,,,,,,check date recycling 2025 04 18 operator wikidata q130259357 recycling clothes yes recycling glass bottles yes recycling paper yes recycling shoes yes recycling type container,,POINT (10.51447868347168 52.2727165222168),ALBA Braunschweig GmbH. Amenity: recycling. Additional tags: check date recycling 2025 04 18 operator wikidata q130259357 recycling clothes yes recycling glass bottles yes recycling paper yes recycling shoes yes recycling type container.,59663364,Recycling container site,[],"amenity=recycling with container-based collection for clothes, glass, paper, shoes indicates an outd"
59663393,,Russel Friseur,,,,hairdresser,,,"Celler Straße, 119",check date 2025 04 18 check date opening hours 2025 04 18 female yes level 0 male yes,,POINT (10.510246276855469 52.269222259521484),"Russel Friseur. Shop: hairdresser. Address: Celler Straße, 119. Additional tags: check date 2025 04 18 check date opening hours 2025 04 18 female yes level 0 male yes.",59663393,Hairdresser (Friseur),['errands_essential'],OSM tag shop=hairdresser indicates a hair salon service building where people go for a routine perso
59663395,,Oishiino,https://www.nagoya-bs.com/,restaurant,,,,,"Hamburger Straße, 72, Braunschweig, 38112",cuisine japanese sushi name ja outdoor seating yes takeaway yes website menu https www nagoya bs com speisen all you can eat,,POINT (10.51868724822998 52.28706359863281),"Oishiino. Website: https://www.nagoya-bs.com/. Amenity: restaurant. Address: Hamburger Straße, 72, Braunschweig, 38112. Additional tags: cuisine japanese sushi name ja outdoor seating yes takeaway yes website menu https www nagoya bs com speisen all you can eat.",59663395,Japanese sushi restaurant,['leisure'],amenity=restaurant (dining establishment) with cuisine=japanese sushi; an enterable building people 
59663397,,Saray Market,,,,supermarket,,,,check date 2023 06 30 wheelchair limited,,POINT (10.5084810256958 52.27121353149414),Saray Market. Shop: supermarket. Additional tags: check date 2023 06 30 wheelchair limited.,59663397,Supermarket,['errands_essential'],OSM tag shop=supermarket indicates a supermarket building used for essential shopping errands.
59663400,ladolcesosta@web.de,La Dolce Sosta,http://ladolcesosta.de,restaurant,,,,,,check date opening hours 2025 04 17 cuisine italian diet vegan yes diet vegetarian yes indoor seating yes outdoor seating yes smoking outside takeaway yes toilets yes toilets access customers wheelchair no,,POINT (10.508618354797363 52.27012634277344),La Dolce Sosta. Website: http://ladolcesosta.de; Email: ladolcesosta@web.de. Amenity: restaurant. Additional tags: check date opening hours 2025 04 17 cuisine italian diet vegan yes diet vegetarian yes indoor seating yes outdoor seating yes smoking outside takeaway yes toilets yes toilets access customers wheelchair no.,59663400,Italian restaurant,['leisure'],amenity=restaurant indicates a dining establishment for leisure; indoor/outdoor seating and takeaway
59663406,info@hotelwartburg.de,Hotel Wartburg,http://www.hotelwartburg.de/,,,,hotel,,"Rennelbergstraße, 12, Braunschweig, 38114",check date 2024 04 29,,POINT (10.508827209472656 52.26885986328125),"Hotel Wartburg. Website: http://www.hotelwartburg.de/; Email: info@hotelwartburg.de. Tourism: hotel. Address: Rennelbergstraße, 12, Braunschweig, 38114. Additional tags: check date 2024 04 29.",59663406,Hotel,['leisure'],The OSM tag tourism=hotel and the name ‘Hotel Wartburg’ indicate a hotel building used for temporary
59663410,,,,recycling,,,,,,recycling glass bottles yes recycling paper yes recycling type container removed amenity recycling removed recycling type container,,POINT (10.510148048400879 52.26804733276367),Amenity: recycling. Additional tags: recycling glass bottles yes recycling paper yes recycling type container removed amenity recycling removed recycling type container.,59663410,Recycling container,[],"OSM tags indicate a recycling container (glass bottles, paper) outdoor amenity. No building or indoo"
59663420,,ALBA Braunschweig GmbH,,recycling,,,,,,check date recycling 2025 02 01 operator wikidata q130259357 recycling cans no recycling clothes yes recycling glass bottles yes recycling paper yes recycling shoes yes recycling type container,,POINT (10.503873825073242 52.264434814453125),ALBA Braunschweig GmbH. Amenity: recycling. Additional tags: check date recycling 2025 02 01 operator wikidata q130259357 recycling cans no recycling clothes yes recycling glass bottles yes recycling paper yes recycling shoes yes recycling type container.,59663420,Recycling container site,[],"amenity=recycling with recycling:type=container indicates outdoor recycling bins, not an enterable b"
59663427,,Deutsche Post,,post_box,,,,,,brand deutsche post collection times mo fr 16 30 sa 11 15 operator wikidata q157645,,POINT (10.505346298217773 52.26918029785156),Deutsche Post. Amenity: post_box. Additional tags: brand deutsche post collection times mo fr 16 30 sa 11 15 operator wikidata q157645.,59663427,Postbox (mail drop-off box),[],"amenity=post_box indicates an outdoor mail drop-off box, not an enterable building; no visitor desti"
59663429,,Ewige Lampe,,pub,,,,,"Rudolfstraße, 15, Braunschweig, 38114",check date opening hours 2024 10 16 opening hours signed no,,POINT (10.502753257751465 52.26985168457031),"Ewige Lampe. Amenity: pub. Address: Rudolfstraße, 15, Braunschweig, 38114. Additional tags: check date opening hours 2024 10 16 opening hours signed no.",59663429,Pub,['leisure'],The OSM tag amenity=pub indicates a bar/pub building where people go for social and recreational act
59663435,,Deutsche Post,,post_box,,,,,,brand deutsche post collection times mo fr 16 30 sa 11 00 operator wikidata q157645,,POINT (10.507570266723633 52.264644622802734),Deutsche Post. Amenity: post_box. Additional tags: brand deutsche post collection times mo fr 16 30 sa 11 00 operator wikidata q157645.,59663435,Postal drop box,[],"amenity=post_box indicates an outdoor postal drop box, not an enterable building or facility with vi"
59663436,,Havanna,https://havanna.metro.rest/,pub,,,,,,diet vegetarian yes indoor seating yes outdoor seating yes smoking no takeaway yes toilets wheelchair no wheelchair limited,,POINT (10.507308006286621 52.2645149230957),Havanna. Website: https://havanna.metro.rest/. Amenity: pub. Additional tags: diet vegetarian yes indoor seating yes outdoor seating yes smoking no takeaway yes toilets wheelchair no wheelchair limited.,59663436,Pub,['leisure'],The OSM tag amenity=pub identifies an indoor drinking/eating establishment where visitors go for soc
59663442,,Aral,,fuel,,,,,,brand aral brand wikidata q565734 check date 2025 04 17 compressed air no fuel gtl diesel yes fuel diesel yes fuel e10 yes fuel lpg no fuel octane 102 yes fuel octane 95 yes fuel octane 98 yes mapillary 134467805382860,,POINT (10.500663757324219 52.26401138305664),Aral. Amenity: fuel. Additional tags: brand aral brand wikidata q565734 check date 2025 04 17 compressed air no fuel gtl diesel yes fuel diesel yes fuel e10 yes fuel lpg no fuel octane 102 yes fuel octane 95 yes fuel octane 98 yes mapillary 134467805382860.,59663442,Fuel station (Aral),['errands_essential'],"amenity=fuel indicates a gas station building where people go to refuel vehicles, classified as an e"
59663446,,Einhorn-Apotheke,https://www.einhorn-apotheke-braunschweig.de/,pharmacy,,,,,"Goslarsche Straße, 41",check date 2025 07 10 check date opening hours 2025 07 10 healthcare pharmacy level 0 wheelchair yes,,POINT (10.504120826721191 52.26762771606445),"Einhorn-Apotheke. Website: https://www.einhorn-apotheke-braunschweig.de/. Amenity: pharmacy. Address: Goslarsche Straße, 41. Additional tags: check date 2025 07 10 check date opening hours 2025 07 10 healthcare pharmacy level 0 wheelchair yes.",59663446,Pharmacy,['errands_essential'],amenity=pharmacy and name 'Einhorn-Apotheke' indicate a pharmacy where people go for essential healt
59770814,,,,recycling,,,,,,recycling clothes yes recycling glass no recycling glass bottles yes recycling paper yes recycling type container,,POINT (10.519558906555176 52.30038833618164),Amenity: recycling. Additional tags: recycling clothes yes recycling glass no recycling glass bottles yes recycling paper yes recycling type container.,59770814,Recycling container station,[],"Amenity=recycling with type=container refers to outdoor recycling bins, not an enterable building or"
59941064,,,,recycling,,,,,,check date recycling 2024 07 05 recycling clothes yes recycling glass bottles yes recycling paper yes recycling type container,,POINT (10.541303634643555 52.27688217163086),Amenity: recycling. Additional tags: check date recycling 2024 07 05 recycling clothes yes recycling glass bottles yes recycling paper yes recycling type container.,59941064,recycling container,[],Amenity=recycling with type=container indicates a drop-off bin for materials. Not an enterable build
59941066,,ALBA Braunschweig GmbH,,recycling,,,,,,check date recycling 2024 07 05 operator wikidata q130259357 recycling clothes yes recycling glass bottles yes recycling paper yes recycling type container,,POINT (10.530701637268066 52.27560043334961),ALBA Braunschweig GmbH. Amenity: recycling. Additional tags: check date recycling 2024 07 05 operator wikidata q130259357 recycling clothes yes recycling glass bottles yes recycling paper yes recycling type container.,59941066,Recycling container site,[],"amenity=recycling with recycling type=container indicates an outdoor container drop-off location, no"
59942640,,Bossanova,https://www.bossanova-bs.de/bossanova/,restaurant,,,,,"Lange Straße, 37, Braunschweig, 38100",check date opening hours 2025 04 11 toilets wheelchair no wheelchair limited,,POINT (10.515603065490723 52.26713562011719),"Bossanova. Website: https://www.bossanova-bs.de/bossanova/. Amenity: restaurant. Address: Lange Straße, 37, Braunschweig, 38100. Additional tags: check date opening hours 2025 04 11 toilets wheelchair no wheelchair limited.",59942640,Restaurant,['leisure'],"amenity=restaurant indicates a dining establishment, a building people visit for leisure (eating/dri"
59942642,,Atelier Vélo,http://www.atelier-velo.de/,,,bicycle,,,"Mühlenpfordtstraße, 2, 38106",check date 2025 06 11 check date opening hours 2025 06 11 fax 49 531 33 98 46 level 0 service bicycle pump yes service bicycle repair yes wheelchair no,,POINT (10.524515151977539 52.27330780029297),"Atelier Vélo. Website: http://www.atelier-velo.de/. Shop: bicycle. Address: Mühlenpfordtstraße, 2, 38106. Additional tags: check date 2025 06 11 check date opening hours 2025 06 11 fax 49 531 33 98 46 level 0 service bicycle pump yes service bicycle repair yes wheelchair no.",59942642,Bicycle shop and repair workshop,['retail_non_daily'],The OSM tag shop=bicycle and services like bicycle repair and pump indicate a specialty retail works
59995539,,Volksbank,,atm,,,,,,cash in no check date 2024 12 08 indoor yes wheelchair yes,,POINT (10.52055835723877 52.266300201416016),Volksbank. Amenity: atm. Additional tags: cash in no check date 2024 12 08 indoor yes wheelchair yes.,59995539,ATM (cash machine),[],"amenity=atm indicates a standalone cash machine facility, not an enterable building or visitor desti"
59995540,,ALBA Braunschweig GmbH,,recycling,,,,,,check date recycling 2025 12 25 operator wikidata q130259357 recycling clothes yes recycling shoes yes recycling type container,,POINT (10.52023696899414 52.265785217285156),ALBA Braunschweig GmbH. Amenity: recycling. Additional tags: check date recycling 2025 12 25 operator wikidata q130259357 recycling clothes yes recycling shoes yes recycling type container.,59995540,clothes and shoes recycling container,[],"amenity=recycling with recycling:type=container indicates a drop-off container for textiles, not an "
60036138,info@daspizzawerk.de,Das Pizzawerk,https://www.das-pizzawerk.de/standort-braunschweig-bueltenweg,restaurant,,,,,"Bültenweg, 95a, Braunschweig, 38106",addr floor g check date 2025 08 24 check date diet vegan 2025 01 13 check date opening hours 2025 01 26 check date smoking 2025 08 24 cuisine pizza pasta salad diet vegan yes diet vegetarian yes indoor seating yes level 0 outdoor seating yes payment cash no payment credit cards yes payment debit cards yes smoking outside website menu https www das pizzawerk de pizza,,POINT (10.533900260925293 52.27169418334961),"Das Pizzawerk. Website: https://www.das-pizzawerk.de/standort-braunschweig-bueltenweg; Email: info@daspizzawerk.de. Amenity: restaurant. Address: Bültenweg, 95a, Braunschweig, 38106. Additional tags: addr floor g check date 2025 08 24 check date diet vegan 2025 01 13 check date opening hours 2025 01 26 check date smoking 2025 08 24 cuisine pizza pasta salad diet vegan yes diet vegetarian yes indoor seating yes level 0 outdoor seating yes payment cash no payment credit cards yes payment debit cards yes smoking outside website menu https www das pizzawerk de pizza.",60036138,Pizza restaurant,['leisure'],The OSM tag amenity=restaurant and pizza cuisine indicate a dine-in establishment. As a building whe
60149547,,Helbing,,,,bakery,,,,wheelchair yes,,POINT (10.351560592651367 51.804988861083984),Helbing. Shop: bakery. Additional tags: wheelchair yes.,60149547,Bakery,['errands_essential'],"The OSM tag shop=bakery indicates a bakery building where people shop for daily food items, fitting "
60149551,,,,,,butcher,,,,wheelchair yes,,POINT (10.351619720458984 51.80510330200195),Shop: butcher. Additional tags: wheelchair yes.,60149551,Butcher shop,['errands_essential'],The OSM tag shop=butcher indicates a meat retail building where people go for essential errands (foo
60158381,,Uni Döner,,fast_food,,,,,"Rollplatz, 3, Clausthal-Zellerfeld, 38678",contact phone 49 5323 715481 cuisine kebab wheelchair limited,,POINT (10.338720321655273 51.801727294921875),"Uni Döner. Amenity: fast_food. Address: Rollplatz, 3, Clausthal-Zellerfeld, 38678. Additional tags: contact phone 49 5323 715481 cuisine kebab wheelchair limited.",60158381,fast food restaurant,['leisure'],amenity=fast_food indicates a kebab restaurant where people go to eat; restaurants fall under leisur
60158384,,Pizza in CLZ,http://pizzainnclz.com,fast_food,,,,,,check date 2024 08 17 contact phone 49 5323 982588 cuisine pizza indoor seating yes outdoor seating yes payment cards no payment cash yes payment credit cards no payment debit cards no smoking no wheelchair limited,,POINT (10.334455490112305 51.80561828613281),Pizza in CLZ. Website: http://pizzainnclz.com. Amenity: fast_food. Additional tags: check date 2024 08 17 contact phone 49 5323 982588 cuisine pizza indoor seating yes outdoor seating yes payment cards no payment cash yes payment credit cards no payment debit cards no smoking no wheelchair limited.,60158384,Pizza fast food restaurant,['leisure'],amenity=fast_food and cuisine=pizza with indoor/outdoor seating indicates a building people enter to
60158386,,Pizza Point,,fast_food,,,,,,cuisine pizza,,POINT (10.338818550109863 51.7996940612793),Pizza Point. Amenity: fast_food. Additional tags: cuisine pizza.,60158386,Fast-food pizza restaurant,['leisure'],"amenity=fast_food with cuisine=pizza indicates a fast-food restaurant building, primarily visited fo"
60158394,,Ratskeller,,restaurant,,,,,,wheelchair no,,POINT (10.333325386047363 51.803619384765625),Ratskeller. Amenity: restaurant. Additional tags: wheelchair no.,60158394,Restaurant (Ratskeller),['leisure'],amenity=restaurant indicates a restaurant building where people go to dine; primary visitor intent i
60158405,,Fleischerei Siemann,,,,butcher,,,"Schulstraße, 21, Clausthal-Zellerfeld",addr suburb clausthal zellerfeld check date 2025 10 01 check date opening hours 2025 10 01 wheelchair limited,,POINT (10.33691120147705 51.80335998535156),"Fleischerei Siemann. Shop: butcher. Address: Schulstraße, 21, Clausthal-Zellerfeld. Additional tags: addr suburb clausthal zellerfeld check date 2025 10 01 check date opening hours 2025 10 01 wheelchair limited.",60158405,Butcher shop,['errands_essential'],"The name “Fleischerei Siemann” and tag shop=butcher identify this as a butcher shop, a building wher"
60636126,,,,recycling,,,,,,check date recycling 2023 08 24 recycling clothes yes recycling glass bottles yes recycling paper yes recycling shoes yes recycling small electrical appliances yes recycling type container,,POINT (10.598612785339355 52.29070281982422),Amenity: recycling. Additional tags: check date recycling 2023 08 24 recycling clothes yes recycling glass bottles yes recycling paper yes recycling shoes yes recycling small electrical appliances yes recycling type container.,60636126,Recycling container station,[],"amenity=recycling denotes an outdoor recycling container/collection point, not a building or enterab"
60636127,,Deutsche Post,,post_box,,,,,,brand deutsche post collection times mo fr 15 15 sa 10 00 operator wikidata q157645,,POINT (10.599780082702637 52.291160583496094),Deutsche Post. Amenity: post_box. Additional tags: brand deutsche post collection times mo fr 15 15 sa 10 00 operator wikidata q157645.,60636127,Post box (mailbox),[],"amenity=post_box indicates an outdoor mailbox drop-off point, not a building or destination people e"
60636129,,,,recycling,,,,,,check date recycling 2023 08 21 recycling clothes yes recycling glass bottles yes recycling paper yes recycling shoes yes recycling type container,,POINT (10.584928512573242 52.28810119628906),Amenity: recycling. Additional tags: check date recycling 2023 08 21 recycling clothes yes recycling glass bottles yes recycling paper yes recycling shoes yes recycling type container.,60636129,Recycling container,[],"This is an outdoor recycling container for clothes, glass, paper and shoes, not an enterable buildin"
60636133,,Braunschweigische Landessparkasse,,atm,,,,,,cash in yes check date 2023 08 24 indoor yes wheelchair yes,,POINT (10.587886810302734 52.28586959838867),Braunschweigische Landessparkasse. Amenity: atm. Additional tags: cash in yes check date 2023 08 24 indoor yes wheelchair yes.,60636133,ATM (cash machine),[],"amenity=atm indicates a self-service cash machine, not an enterable building or destination for a vi"
60636172,,Volksbank,,bank,,,,,,,,POINT (10.575663566589355 52.28098678588867),Volksbank. Amenity: bank.,60636172,Bank (Volksbank branch),['errands_essential'],Amenity tag “bank” indicates a bank building where visitors conduct essential financial errands.
60636173,,Total Deutschland GmbH,,fuel,,,,,"Braunschweig, 38104",check date 2025 09 08 compressed air yes fuel adblue yes fuel diesel yes fuel e10 yes fuel lpg yes fuel octane 95 yes fuel octane 98 yes self service no,,POINT (10.573673248291016 52.28046798706055),"Total Deutschland GmbH. Amenity: fuel. Address: Braunschweig, 38104. Additional tags: check date 2025 09 08 compressed air yes fuel adblue yes fuel diesel yes fuel e10 yes fuel lpg yes fuel octane 95 yes fuel octane 98 yes self service no.",60636173,Fuel station (petrol station),['errands_essential'],"amenity=fuel with multiple fuel types indicates a petrol station, an essential service building for "
60647753,,Polizeiinspektion Helmstedt,,police,,,,,,wheelchair limited,,POINT (11.016731262207031 52.22605514526367),Polizeiinspektion Helmstedt. Amenity: police. Additional tags: wheelchair limited.,60647753,Police station,['work'],"amenity=police indicates a police station, which is a government administrative office building prim"
60647755,,McDonald's,,fast_food,,,,,,brand mcdonald s brand wikidata q38076 brand wikipedia en mcdonald s cuisine burger takeaway yes wheelchair yes,,POINT (10.988346099853516 52.240848541259766),McDonald's. Amenity: fast_food. Additional tags: brand mcdonald s brand wikidata q38076 brand wikipedia en mcdonald s cuisine burger takeaway yes wheelchair yes.,60647755,McDonald's fast food restaurant,['leisure'],amenity=fast_food denotes a restaurant building; McDonald’s is an indoor fast-food outlet for dining
60647756,,Deutsche Post,,post_office,,,,,"Poststraße, 2-3, Helmstedt, 38350",wheelchair yes,,POINT (11.012398719787598 52.224029541015625),"Deutsche Post. Amenity: post_office. Address: Poststraße, 2-3, Helmstedt, 38350. Additional tags: wheelchair yes.",60647756,Post office,['errands_essential'],"The amenity=post_office tag and name “Deutsche Post” indicate a building for postal services, where "
60753209,,Ringerbrunnen,,,,,artwork,,,artist name jürgen weber artwork type sculpture wikidata q111099896 wikimedia commons category ringerbrunnen year 1975,wikipedia: de:Ringerbrunnen,POINT (10.521825790405273 52.26407241821289),Ringerbrunnen. Tourism: artwork. Additional tags: artist name jürgen weber artwork type sculpture wikidata q111099896 wikimedia commons category ringerbrunnen year 1975.,60753209,Outdoor sculpture (Ringerbrunnen),[],"This is an artwork sculpture (tourism:artwork), not a building or indoor destination. No visitor pur"
60753243,,Restaurant das Alte Haus,http://www.altehaus.de,restaurant,,,,,"Alte Knochenhauerstraße, 11, Braunschweig, 38100",cuisine regional opening hours kitchen mo sa 18 00 22 00 outdoor seating terrace takeaway no website menu http www altehaus de speisekarte pdf wheelchair no,,POINT (10.516412734985352 52.26054382324219),"Restaurant das Alte Haus. Website: http://www.altehaus.de. Amenity: restaurant. Address: Alte Knochenhauerstraße, 11, Braunschweig, 38100. Additional tags: cuisine regional opening hours kitchen mo sa 18 00 22 00 outdoor seating terrace takeaway no website menu http www altehaus de speisekarte pdf wheelchair no.",60753243,Restaurant,['leisure'],The OSM tag amenity=restaurant and the name ‘Restaurant das Alte Haus’ indicate it’s a dining establ
